DataFrame,Mean_SUC_Angle
foearm_early,66.70798561581434
elbow_early,-74.64349080025583
hand_early,-26.851469476161064
arm1_early,-2.4929240410830285
arm2_early,-41.20230442647026
