DataFrame,Mean_SUC_Angle
foearm_early,-53.76302190443716
elbow_early,-51.27704717262677
hand_early,6.550153102255089
arm1_early,-19.495925231065662
arm2_early,34.30465284849354
