DataFrame,Mean_SUC_Angle
foearm_early,61.117447019077474
elbow_early,-73.22027903085274
hand_early,-8.021187596026419
arm1_early,5.068897559643799
arm2_early,-45.9920773489719
